{
  "run_timestamp": "2026-07-03T05:45:04.903258Z",
  "seed": 42,
  "model": "logistic_regression",
  "train_rows": 455,
  "test_rows": 114,
  "metrics": {
    "accuracy": 0.9824561403508771,
    "f1": 0.9861111111111112,
    "roc_auc": 0.9953703703703703
  }
}